floor,username,content,reply_time
32楼,wu102216,啊啊啊，手机看不清楚，逼我开电脑,2019-04-27 13:22
33楼,西水的回忆,挺好的,2019-04-27 14:08
34楼,刀子嘴l斧头心,蒙古现在这么流弊了么,2019-04-27 14:11
35楼,天台凉爽,大善,2019-04-27 20:23
36楼,唯叶丶,,2019-04-27 23:25
37楼,sjn1206,不错,2019-04-27 23:34
38楼,我的冬天注册,大别山根据地呢？,2019-04-28 07:04
39楼,我的冬天注册,从徐州撤出来的华夏军八千带当地守军四万，进大别山了，进去时第一次大规模运用火枪〉校击溃追兵,2019-04-28 07:08
40楼,biefahuo,厉害，有个图一下就看的很明白了，不过把蒙古画那么大是怎么回事？,2019-05-09 09:08
41楼,HJPCFF,赞,2019-05-09 22:25
42楼,墨羽桓宇,666,2019-05-10 01:45
44楼,swy005,呃，我不是杠，真的。我就是想悄悄告诉你，现行的全世界地图，欧亚大陆是变形的。真实的情况是，从赤道向北，纬度越偏北，比例尺越大。,2019-05-10 14:16
45楼,选择障碍的人,麻烦楼主大大能不能给个类似攻击指向的图,2019-05-10 16:13
46楼,雨尽芳菲,厉害了楼主,2019-05-10 18:52
47楼,冰河恐龙,,2019-05-10 23:12
49楼,暮墨微凉,,2019-06-09 16:39
50楼,lzx007007,楼主用心！赞,2019-07-29 09:54
51楼,水如钱,中原大战以后的军阀混战图啊。还有伪武汉政府,2019-08-07 00:51
52楼,kiockxd,你们这是做游戏的节奏那，图文有，时间表有，就差军队将领编辑录了,2019-08-12 22:22
53楼,xiaokuan1978,原图的大小还是太小，能否放一个大一点的？如果嫌上传慢，可以放网盘里给个分享地址。,2019-08-12 22:29
54楼,lxhdjwyb,楼区呢？,2019-08-12 22:31
55楼,不想降落的雪,问一下、台湾属于过琉球吗？,2019-08-15 14:49
56楼,W960400715,太原梁山泊襄阳中间那块是谁的地盘阿,2019-09-12 18:32
57楼,唯叶丶,,2019-09-12 20:03
58楼,晕某人你老婆呢,,2019-09-12 20:50
59楼,河西4033,有才有才,2019-12-05 16:20
60楼,汪汪爱福娃,楼主还在吗？起床更新了！！！,2019-12-10 05:02
61楼,adishg436,楼主该更新了,2019-12-11 09:21
62楼,雪O,,2019-12-23 18:15
63楼,不败春水剑,太原旁边的紫色棕色区域，成都边上的青色区域是什么什么字？太小了看不清,2019-12-24 17:19
